liana_gene_name,molecular_weights
DLL1,79576.786
PODXL,55385.0143
NRG2,84304.2577
ADGRB1,177420.2001
ADAM10,80561.1477
TNFSF11,27689.7878
EREG,19043.9952
ADAM12,99215.7888
TNFSF14,26349.9497
ADAM23,92045.2702
ICOSLG,38147.1356
SEMA7A,73363.2382
NFASC,143616.1648
SLITRK3,108932.6099
SLITRK5,107484.4703
TNFSF15,21856.7321
TGFA,16934.7586
TNF,25644.0985
HLA-B,40459.5973
HLA-DRA,28620.5925
HLA-DQA2,28032.6976
HLA-DQA1,23014.8015
HLA-DRB1,29965.7874
HLA-DQB1,29790.7199
ANXA1,40081.4534
THY1,18079.7238
HLA-A,40840.2477
HLA-DPB1,29159.0077
APP,75108.8785
ITGB2,84790.0662
ICAM1,57824.5452
LCK,64203.2056
FCER2,36468.392
ITGAV,116036.4972
ANXA2,38603.5904
GP1BA,71539.1343
THBS1,129381.4157
CD14,40075.7529
MELTF,80142.6133
CD48,15812.3365
CSF1,29352.9724
HLA-C,40648.0867
TGFB3,47327.7348
CD28,25242.76
CDH1,40534.7978
TDGF1,19180.0011
NCAM1,94704.2364
ICAM2,30653.9708
CEACAM1,39870.2232
HLA-E,44491.8037
HLA-DRB4,19309.7366
HLA-DOB,30822.0833
SELL,43414.8571
PLA2G2A,16082.5472
ST6GAL1,46604.0366
SPN,111632.8467
SELE,66654.5438
HLA-G,38837.46
VCAM1,81275.276
HLA-DPA1,29380.2201
EFNA1,23786.7868
KITLG,34587.5255
MRC1,166009.6783
MPZ,26717.5334
HLA-DMA,29207.1203
HLA-DMB,28930.7514
CD34,40715.9963
CD40LG,29273.2001
L1CAM,138905.9485
ICAM3,49157.5074
CD80,35441.2113
SDC2,22159.6448
BTC,14301.3641
CEACAM6,37236.5084
TNFSF9,16154.1801
GDF5,55394.021
BAG6,113454.7369
FASLG,14552.0751
EFNA4,22861.0724
EFNB2,36970.8186
EFNA5,23337.4688
JAM2,35019.5447
NRXN1,157658.3982
NRXN2,184882.8201
B2M,13778.831
SIRPA,55867.4738
JAG1,134163.0552
ADAM17,93019.9777
HLA-DRB3,29961.663
EFNB1,37858.9054
NRG1,68887.3897
DSG1,113746.3304
DSC2,99960.5456
DSC1,28078.3888
BST2,19768.704
CNTN1,113319.0347
MADCAM1,43650.549
SEMA5A,120614.0484
ALCAM,65101.5191
DSG2,102435.8296
SELPLG,43200.9688
ICAM4,29264.8903
NECTIN1,NAN
EFNB3,37208.5477
MICB,39181.4879
MICA,27084.1925
HLA-DRB5,30055.6535
TIGIT,26318.6965
IGSF11,39900.4963
COL13A1,68319.0223
RAET1L,27367.6377
NCR3LG1,50826.5688
CSPG4,252305.3279
DLK2,40404.0175
BTLA,NAN
PDPN,24651.8212
CNTN4,113452.257
NLGN4X,91914.1993
CADM3,52637.804
NLGN1,94148.2982
CD177,49717.5187
SEMA6D,121373.2561
NLGN2,90987.9197
LILRB4,49366.0674
RAET1E,29196.7566
CD200R1,35504.14
SECTM1,27038.6914
NECTIN2,57741.3386
EDA,41602.6597
HAVCR1,44001.3353
TIMD4,33169.2644
NECTIN4,52826.8111
SLITRK1,77733.9672
ADAM2,79821.4073
PDCD1LG2,32139.7731
ULBP3,27948.9993
SEMA4C,92621.8373
SLITRK2,95403.2631
SEMA6A,116460.9183
ADAM7,85668.1814
SEMA4A,83572.5678
SEMA6B,95283.4185
SLITRK6,95108.5263
SEMA4B,91391.2648
PDGFC,31134.3984
LRRC4B,76154.7893
DLL3,61124.7722
PODXL2,65075.06
NLGN3,91160.7678
IL1RAPL1,79967.6959
CLEC1B,26238.7993
SIRPG,38961.9169
CKLF,41179.1914
KL,82151.324
ADAM29,92757.6558
HHLA2,48438.4829
ICAM5,77211.6978
TNFSF18,20307.4052
JAG2,130621.7173
TNFSF13B,29137.1064
F11R,30152.0631
FRAS1_FREM1_NPNT,NAN
FRAS1_FREM2_NPNT,NAN
LAMA5,404049.6852
CHAD,40475.3363
COL1A1,112085.0379
COL4A1,160608.8866
FN1,239623.4315
VTN,54304.9668
VWF,309261.9244
LAMB1,197088.5358
COL1A2,129312.299
COL4A2,193774.6182
LAMC1,177185.7185
COL6A1,108528.1187
COL6A2,108578.1712
COL6A3,278199.9727
COL9A1,49189.3233
IBSP,35733.8859
TNXB,458215.1266
LAMA2,343152.5263
TNC,221876.5848
LAMA1,170482.1166
COL4A5,151112.6171
COMP,82859.7025
RELN,387304.6964
HSPG2,471087.3369
DMP1,53964.1147
LAMB3,122321.128
LAMC2,130168.9802
COL9A3,46670.839
COL9A2,65130.1628
LAMA4,201816.9631
TNR,132719.3654
DSPP,95123.7646
TNN,144032.2564
LAMC3,171730.3714
CLCF1_CRLF1,NAN
LTA_LTB,NAN
IGHG1_IGLC1,NAN
INHA_INHBA,NAN
INHA_INHBB,NAN
INHBA_INHBB,NAN
CSF1_IL34,NAN
IL12A_IL12B,NAN
EBI3_IL12A,NAN
IL12A_IL27,NAN
IL12B_IL23A,NAN
EBI3_IL27,NAN
IL17A_IL17F,NAN
CCL24,13133.4038
CORT,11484.8754
AGRP,14431.8924
LEFTY2,41174.7604
CCL21,14645.9924
CCN1,42026.2684
CCL22,10624.4596
NTN3,61465.4739
WNT10B,32399.3229
CXCL11,11796.2326
MSTN,42920.8871
WNT9A,27258.0867
WNT9B,23986.1952
SEMA3E,89542.1523
ANGPT2,50886.8262
NPFF,13151.7928
VGF,68230.8669
DEFB4B,7037.6046
CCL25,16609.1297
CCL16,13599.8558
FGF10,23596.6837
FGF16,23777.561
HCRT,13644.9481
ANGPTL7,40017.7844
EDIL3,52695.3961
CD5L,38862.3469
VEGFD,40444.0318
CXCL13,12664.1237
FGF17,24924.0619
GDF9,41844.2634
PSPN,16599.8949
GREM1,20696.552
SLIT1,167417.9363
SLIT3,167725.5015
PGLYRP1,21730.5571
LEFTY1,41497.221
SLIT2,170370.7443
LRIG2,107854.8365
DKK1,28671.2998
SEMA3D,89547.8829
NXPH2,29937.2204
NXPH3,28182.7455
GDF11,45090.2856
BMP10,47887.4978
UTS2,16029.2874
NTN1,67809.704
CXCL14,11771.8836
FGF19,24002.301
IL33,30759.0546
CER1,30430.7579
OLFM2,51385.7703
BMP15,45054.5109
WNT11,20570.5561
HP,45204.7777
PLG,15443.5681
AGT,52069.3051
KNG1,71956.5591
PDGFB,27283.1738
EGF,133992.8806
TGFB1,44324.6102
NGF,26958.4692
NPPA,16395.4381
OXT,NAN
AVP,118171.349
POMC,26706.7954
PENK,31003.8097
PDYN,28009.4327
CGA,50687.855
TSHB,15639.2241
FSHB,14919.1479
LHB,17738.5686
PRL,25875.5514
GH1,20200.9625
GH2,23128.2179
TG,65866.9061
PTH,16414.2417
GCG,20905.9033
VIP,19048.2952
GHRH,11935.821
PPY,11019.6002
NPY,10873.4198
INS,11980.7866
IGF2,20140.1357
GAST,11393.5793
LTA,22296.4741
IFNA1,21724.8467
IFNA2,21577.7735
IFNA10,21834.9205
IFNA7,22106.2994
IFNA21,21740.887
IFNA5,21942.1777
IFNA14,22062.4206
IFNA17,21727.8237
IFNB1,22293.6292
IFNG,17906.454
IL1A,30606.246
IL1B,30747.5732
EPO,23170.6341
APOA1,18308.6205
APOE,39046.8575
APOA2,11174.886
APOC2,11283.7285
APOC3,10852.1752
ORM1,23539.3268
TTR,15886.8288
GC,30652.5806
PPBP,13894.0739
PF4,10844.8257
TF,27145.0508
HPX,76723.0149
ANG,53419.5172
AMH,59194.4146
RLN2,19069.8666
APOB,515538.18
CSF2,16090.4251
TFF1,9149.4439
WNT1,51985.6515
RLN1,20542.4661
IFNW1,22318.8264
IFNA6,22140.3688
IFNA4,21807.8074
IFNA16,21710.8405
IGF1,18815.5561
APOD,21275.3085
S100A8,11693.4234
INHA,39669.2355
IL5,15409.924
FGF1,17459.4928
IL6,23717.954
EDN1,24424.8525
HLA-DQB2,25301.3531
CCK,12769.5506
S100A9,13241.8513
APOA4,45371.4688
GPI,62766.1583
CRH,20777.702
GRP,57832.4781
DCN,39746.2988
INHBA,47441.7659
LPA,226543.5416
FGF4,21918.3033
IL3,18540.1468
NMB,59374.5688
FGF2,30769.6209
LGALS1,14715.5455
WNT2,40482.0711
SCT,281631.3674
C4B,192749.1457
NPS,11626.7663
SAA1,13545.885
APELA,6622.0539
CSH1,25511.8835
CSH2,25158.6554
SLURP2,12835.0915
PYY,11144.6313
CALCB,13705.5607
CXCL8,10696.6306
SPP1,37244.5625
PF4V1,11552.5695
RBP3,46919.2995
FGF6,22798.0761
IAPP,9806.3142
FGF3,27243.7026
SCGB1A1,10519.323
FGF5,29102.7669
PTHLH,20193.59
PIP,16572.2801
GZMA,28598.906
BMP2,44701.3579
BMP4,46496.1547
BMP3,53371.7578
MLN,12126.9304
IL7,17726.4598
CCL4,10211.7424
CCL2,11024.8838
CCL5,9989.5602
VCAN,372815.5622
OSM,28483.7052
CD59,14177.1588
EDN3,23322.0003
MIF,12476.1667
NID1,136536.1704
LIF,22286.8388
IL9,15908.6841
AREG,27895.0457
VEGFA,45466.0608
MUC1,25654.7435
NPPB,14725.7802
BMP7,49198.1771
ADCYAP1,21422.049
IL1RN,16142.13
CXCL2,10620.5744
CXCL3,11342.3478
FST,34535.3776
TCN1,76299.9983
TAC1,15045.0157
PMCH,18495.9149
TRH,29283.4977
NTF3,29587.3535
IL11,12994.3021
PTN,NAN
ZP3,46303.0908
FGF7,22508.9805
BMP5,51727.1341
BMP6,57224.9882
CCL1,10991.9563
FGFR4,87953.4088
GAL,15751.4126
FBLN1,77213.465
ANOS1,76111.0619
BDNF,28871.9253
NPPC,13246.2943
IL32,21736.4998
COL8A2,60706.5622
AZGP1,34258.2939
S100A4,11728.4031
GDF1,38659.4952
CALR,48140.9534
CFP,51275.9591
GRN,63544.1381
CCN2,38091.2068
IL12A,28292.6985
NTS,19794.7475
FGF9,10906.0007
IFNA8,21989.0885
NTF4,22345.3329
BMP8B,42276.4969
PRSS3,14749.6583
IL13,9044.5099
SFTPD,37727.8935
ADM,20420.1492
SERPINF1,46311.6207
COL15A1,141718.4571
GDNF,26606.145
THPO,37822.3151
LEP,18708.4055
WNT5A,40886.3084
CXCL5,11972.1415
XCL1,12516.4704
CXCL12,11003.7629
CCN3,39161.8976
PGF,16597.1476
VEGFB,21442.0871
VEGFC,46882.9998
INSL3,14501.6675
CCL11,10731.7178
LUM,38428.54
COPA,138344.1347
SLURP1,11185.8674
MFAP2,20754.2571
APOC4,14552.8996
FGF8,23521.8831
UCN,13710.5607
INHBC,38237.4523
GDF10,52574.6936
CCL23,13442.7321
CCL18,9848.6872
WNT3,39658.7686
WNT3A,39257.1929
WNT4,39049.3768
WNT7B,39301.7698
INHBE,38560.9215
PROK1,11714.7608
NXPH1,31081.9013
FAM3B,26151.8093
DEFB1,7419.6538
IL2,17627.5257
SST,12745.4864
OSTN,14437.3391
CX3CL1,42202.1905
CCL20,10761.8309
CCL8,11246.2519
CCL7,11200.0747
CXCL6,14234.9201
S100A12,10574.9009
PRLH,NAN
DEFB103A,7697.2924
QRFP,14940.8847
FBLN2,131861.6384
NDP,15043.4228
GUCA2A,12388.195
TFF2,14284.1781
COL10A1,66774.65
CXCL9,14018.6149
TFF3,8640.9504
LGALS3BP,65330.2378
MFGE8,47169.018
FGL1,33093.2497
EFEMP1,45722.3018
AIMP1,34352.2764
IL24,23911.5157
SEMA3F,88380.3704
PNOC,23021.4469
IL18,21895.6343
GAS6,74924.4974
CSHL1,15949.8316
SEMA3A,88798.2802
IHH,45484.3793
COL19A1,115219.3744
POSTN,82509.5036
ANGPT1,57455.2402
SHH,47772.9025
FCN2,32976.583
KISS1,14704.3933
ADIPOQ,26413.3159
ECM1,60673.461
CCL14,10678.1961
GUCA2B,12068.9567
CCL15,12236.3223
MIA,14508.732
MSMP,14993.1347
RSPO4,19606.7889
RSPO1,22329.272
ERFE,37278.4448
NMS,17730.3286
ARTN,23615.9393
IL31,18204.6842
GDF6,50661.0197
IGFL1,12362.4486
ENHO,7927.0964
ALKAL2,13566.7933
IGFL3,17381.1447
ALKAL1,14268.456
RSPO2,28920.1241
SOSTDC1,23174.2349
IL34,27481.3738
UTS2B,13340.3899
ADM2,15865.1383
GDF7,47105.5925
TAC4,13936.8679
IFNE,24414.1178
GPHB5,14231.5346
IFNL1,21898.1464
SFTPA1,26242.1817
IFNL3,22193.7522
IFNL2,22287.7755
LGI2,32170.4823
DEFB106B,7368.7545
LGI4,59137.6639
NPW,10774.9491
FNDC5,17322.7528
DRAXIN,40723.9546
NPB,13096.9995
IL1F10,16943.1163
RLN3,14921.7724
FAM3C,24680.1939
CCL17,13612.628
FGF13,22275.0588
PRG4,146450.3304
WNT2B,43752.5221
WNT8B,38575.5037
LEAP2,8813.4537
UCN3,18062.6158
COL26A1,31042.3862
RGMA,49675.0128
FAM3D,24987.7901
SFRP2,33489.7507
LRIG1,90866.4722
TAFA4,18644.7223
SCGB3A1,10099.9374
NODAL,40475.8646
GPHA2,14163.2635
HBEGF,23066.7127
AMELX,24697.3321
AMELY,21729.998
NELL2,91333.8053
CCL13,10986.0479
COL12A1,211936.0737
CCL19,10992.8732
NRTN,22218.6691
MYOC,56971.4292
SEMA3C,85288.0698
GDF15,34139.8431
SOST,NAN
SPON2,35787.8932
RSPO3,31453.8253
PDGFD,42166.14
WNT10A,42713.2602
FGF23,27953.5401
IL22,20011.1138
LACRT,14245.8996
WNT8A,40288.5827
WNT5B,NAN
IL25,20330.071
MMRN2,104407.3021
NTN4,66350.9853
PROK2,11659.0949
SPON1,90972.6567
NPVF,22926.1476
FGF22,28437.4001
RETN,11419.2729
AMBN,45369.2373
FGF20,23498.3522
IL23A,20729.4993
IL26,19842.4843
GDF3,41386.638
ENAM,128783.301
CYTL1,15577.1272
LTBP3,195049.899
SEMA3G,86699.7525
FGF21,22299.82
IL20,20072.1213
IL37,24126.2386
IL36B,18521.4047
IL36G,18721.1046
IL17C,21764.6877
IFNK,25217.9719
COL20A1,150616.9192
CNTN3,112881.3551
GALP,NAN
XCL2,12566.5357
CLCF1,24086.5004
IL36RN,16962.2878
DKK3,38389.9056
DKK4,24875.4361
DKK2,29787.0776
WNT16,39699.2899
IL36A,17684.2223
IL19,20451.5781
IL17B,14730.0465
PCSK1N,27269.8742
GDF2,47319.915
ANGPTL2,57103.7827
APLN,8568.9803
COL17A1,150417.6148
CLEC11A,35694.2142
CCL26,10647.477
ANGPT4,50954.1312
CCL27,12617.7922
ANGPTL3,53636.7797
INSL5,15333.3314
WIF1,41527.4468
WNT6,39655.2492
CD70,23437.9128
EFNA2,23585.674
EFNA3,14083.9629
CLEC2B,26595.3525
CXCL16,27578.3198
C3,187145.8473
TNFSF8,17833.4252
TNFSF4,17730.0514
PLAU,48522.9851
CD72,42011.9711
CNTF,22586.5018
HMGB1,24893.4772
LCN1,19249.7937
TXLNA,65574.3993
COL8A1,73363.2055
COL5A3,171989.5137
COL5A2,139801.7102
COL5A1,183557.6216
COL3A1,138562.6807
COL18A1,135759.2282
COL14A1,193513.1311
CLEC4G,31459.2091
GNAI2,40488.5289
GNRH1,10336.8699
PSEN1,52639.1915
AFDN,215993.9873
PROS1,198420.0298
C5,189168.9848
RPS19,16060.3049
CAMP,19301.1649
HEBP1,66075.6919
ARF1,20696.5235
FGA,94971.9383
KMT2E,204962.5562
LIPH,55913.8504
NTNG2,70794.4254
PCNA,28768.4775
SERPINC1,55490.0469
SERPINA1,46735.9766
F2,70036.1126
REN,45056.9676
TFPI,35014.7664
OMG,49607.3973
ASIP,91381.5109
FSTL1,34985.1707
HRAS,21297.9075
F9,51777.8936
SFRP1,35385.2474
PLAT,57370.1196
SERPINE1,45928.3528
LTF,76753.251
PROC,58397.7831
VASP,39829.2591
AANAT,23141.6146
CRP,11631.3885
MMP7,29676.4946
TIMP2,24399.0213
F13A1,83267.3002
TIMP3,24144.7425
IGFBP4,27933.7465
SHANK1,226314.3701
SCGB3A2,15431.4424
FGB,49954.7663
PRND,20441.4734
HAS2,63565.63
RGMB,51712.254
LPL,53161.8621
FBN1,312295.6441
BGN,41653.569
CTHRC1,26223.6753
FGG,49495.9674
SLPI,14326.0057
F8,267006.2118
TGM2,81823.8875
C4BPA,67032.507
CFH,139068.9452
RBP4,22973.5515
CEL,79320.5748
MMP9,78457.3075
ZG16B,18878.3863
C4A,192783.1768
LTB,32328.2656
A2M,163289.032
MMP13,53819.1395
C1QB,26459.0743
SFTPA2,26169.0053
MBL2,26143.2417
C1QA,25974.0939
RNASE2,18354.0067
GPC3,59474.8536
SERPING1,55153.5328
ALB,69365.9604
LCN2,22587.7899
SPINK1,8506.7009
LIN7C,21833.72
MATN1,54420.7873
LTBP1,186865.6067
MMP1,46265.4176
FAT4,542930.4498
AHSG,39411.3749
PTGS2,68995.3147
F10,54731.1352
MMP12,54000.8896
COLQ,44242.7359
PLTP,44846.51
MEPE,58418.2954
VIM,53651.0423
NAMPT,55520.4359
CEACAM5,76794.6784
BSG,19437.6087
CRTAM,44640.2599
CADM1,45623.3143
CD52,6613.6758
INHBB,45121.1017
LY86,13905.8247
MYL9,19826.9761
PTDSS1,55526.953
SERTAD1,24703.4591
TOR2A,18105.5784
CALM1,12876.1027
S100A10,11203.0013
FADD,23279.1005
CALM3,12876.1027
IRAK4,51529.1504
MEGF10,128491.7026
TLN1,269764.0274
GSTP1,23355.5457
VCL,116721.0794
TCN2,47534.4351
MMP2,65763.8256
GNB3,39303.2626
PI3,12269.498
LYPD3,35970.3737
TPH1,50984.5828
LMAN1,57548.2489
NCAN,137173.7672
CFC1,16392.4757
TGS1,96618.6809
RIMS2,172861.4674
FARP2,116723.6613
BST1,33952.3567
NPTX2,47040.9905
HDC,75840.7226
ADAMTS3,134753.4464
S100B,10712.9289
S100A1,10545.694
ARPC5,16320.2309
FABP5,15164.2866
ARF6,20081.9202
HSPA4,94329.8597
NPTX1,47121.7724
AGTRAP,11481.9683
PKM,57936.244
IZUMO1,44884.76
P4HB,57115.6483
ITIH2,106462.1548
SPTAN1,289119.2953
FGF14,28363.9389
ACTR2,45376.0045
SHBG,37487.3344
DSCAM,214472.7773
PTPN6,67718.4758
C1QTNF5,25298.0959
HSPA8,70897.2343
LGALS8,40396.8863
CALML3,16890.5406
RIMS1,164555.8054
KLK3,26316.4817
F12,67791.4199
CLEC3A,22232.2827
CRISP3,29064.7224
HSPA1A,70051.3697
CUBN,398731.9268
PTPN11,68435.5212
SPINT1,58397.4111
SORBS1,91054.1112
NUCB2,47094.6721
CRISP2,27605.1552
PDX1,30998.6716
GSTO1,24795.4555
CEACAM16,46351.3323
SPTBN2,271321.6702
APOC1,9331.8079
FGF12,17613.7466
ENTPD1,58705.6967
TPSAB1,30514.7586
PDAP1,20629.7722
SERPINA7,46323.9737
LRP1B,515493.2963
IL12B,38234.9918
PSG9,85412.533
MXRA5,312146.6242
PAM,108673.8282
PSG4,76186.273
HAPLN1,40093.9851
ADO,29750.5266
FSTL5,94595.6348
IGSF10,205540.0839
BTN1A1,58959.4927
CNMD,31890.1662
WFIKKN2,53285.1978
NR0B2,28763.18
SPARC,34503.667
SLC6A8,70521.9788
F11,70250.5128
PSG6,47500.6947
IMPG2,138619.1502
IGFBPL1,29005.2107
RARRES1,32843.2056
BPI,53368.4681
IGSF1,149423.6765
FRS3,53975.3371
SOCS2,30121.9718
PI16,26264.6106
PSG5,111741.5067
PSG7,35317.4991
ETV5,57711.2047
SCEL,77550.8347
IGFBP7,29130.0468
TREML4,21924.219
SCUBE2,95266.4531
DBP,52917.0133
MAML2,68780.7171
PTPRC,127733.7487
MET,157707.1427
CD44,81607.7575
LRP1,504601.8068
PTPRK,162100.306
COLEC12,79436.0512
HAVCR2,33393.93
MRC2,166672.605
NOTCH1,272502.588
NOTCH2,265630.8277
NOTCH3,238376.7763
ERBB2_ERBB3,NAN
ERBB2_ERBB4,NAN
RTN4R,50986.8278
TSPAN12,32485.8184
IL6R,56955.0734
EPHA3,110129.414
AXL,98335.604
TSPAN17,37054.3059
TREM2,24328.2131
TNFRSF11B,46025.5565
LGR4,101574.3498
TNFRSF11A,61729.582
EGFR_ERBB2,NAN
ERBB3,20135.8658
ITGB1,88414.4842
ITGA9,114487.3416
TNFRSF8,63746.6455
TNFRSF25,25372.8167
TNFRSF12A,13911.2805
TNFRSF6B,32679.2654
LTBR,40386.3173
TNFRSF14,30391.4909
ITGB3,87057.0389
ITGA5,114535.0818
ITGA4,21535.3561
CTLA4,24655.616
ICOS,22709.2419
ITGA1_ITGB1,NAN
PLXNC1,176472.1717
TNFRSF13B,31815.9172
TNFRSF1A,50129.5113
FAS,34662.2165
TNFRSF17,20165.1555
CNTN1_CNTNAP1,NAN
PTPRD,NAN
PTPRS,167868.9831
ERBB4,146806.5641
FFAR2,37123.3954
TNFRSF21,71844.0952
TNFRSF1B,50319.405
FLT4,149964.2507
VSIR,33907.9847
CELSR2,317448.858
CD8B2,24883.1193
CD8A,27455.7495
CD3D,14484.1451
CD8B,24287.464
KIR2DL3,38579.1738
KIR3DL1,49097.4136
KIR3DL2,50229.7372
CD4,51109.9415
LAG3,55596.7373
FPR2_FPR3,NAN
EGFR,134276.044
ADRA2A,50646.1041
FPR1,38445.0499
MTNR1A,39374.289
ITGAV_ITGB3,NAN
ITGAM_ITGB2,NAN
ITGAX_ITGB2,NAN
APLP2,78997.5969
CD74,31557.1073
NGFR,45646.6681
FPR2,38963.8109
GPC1,61679.5641
PTGER2,40478.123
DCC,158339.5863
LRP10,212042.7301
NCSTN,76743.0391
CD226,24463.5942
ITGAL_ITGB2,NAN
IL2RA,19937.7229
CD8A_CD8B,NAN
CR2,119158.6772
TLR2,90687.7501
ROBO4,92183.8066
ITGA2B_ITGB3,NAN
ITGA3_ITGB1,NAN
SDC1,32461.2344
ITGA6,109540.8748
PTPRJ,145939.7047
CR1,272920.9815
ADGRE5,91868.3622
ADGRE2,90461.9779
TLR4,95517.813
TLR9,115858.6448
TLR6,91878.68
TFRC,53435.0533
CD2,37896.5124
CD244,19212.9152
KIR2DL2,38490.0145
KIR2DS4,25975.7012
KIR2DS1,33617.4118
LILRA3,40356.3933
KIR3DL3,44904.7278
ACVR1B_TGFBR2,NAN
TGFBR1_TGFBR2,NAN
ACVR1_TGFBR1_TGFBR2,NAN
ACVR1_TGFBR2,NAN
ACVR1C_TGFBR2,NAN
ITGB5,71735.8476
ITGB6,85935.2222
ACVRL1,56123.8675
BDKRB2,44460.1117
AGTR2,41330.4838
ITGA2_ITGB1,NAN
ITGAE_ITGB7,NAN
IGF1R,154791.3863
PTPRF,214451.9883
CDH2,99795.1464
PTPRM,169182.6871
ACVR2A,57846.9783
ACVR2B,57723.33
NCAM2,44750.6536
FGFR1,81673.5478
PTPRZ1,255119.9454
ROBO1,151758.1118
KLRC1_KLRD1,NAN
KLRC2_KLRD1,NAN
KLRC3_KLRD1,NAN
KLRK1,25303.8649
CD81,17962.8544
CD99L2,20300.258
PILRB,31757.0988
PILRA,34004.2387
SIGLEC1,183573.4093
KLRC1,25676.9667
KIR2DL4,30256.3023
ITGAD_ITGB2,NAN
ITGA4_ITGB1,NAN
ITGA9_ITGB1,NAN
ITGA4_ITGB7,NAN
EPHA1,108126.0113
EPHA2,102678.7923
EPHA5,115019.1331
EPHB1,105292.8746
EPHA4,105682.7983
EPHA6,109392.2448
KIT,109341.5377
MPZL1,15947.1998
SELP,84035.3985
ITGA5_ITGB1,NAN
KIR3DS1,31763.2666
EPHB2,109897.9826
PVR,45320.1148
CD200R1L,29919.429
TNFRSF9,27597.5725
IL13RA2,44175.9645
ADGRG5,65650.2766
ACVR2A_BMPR1B,NAN
ACVR2B_BMPR1B,NAN
BMPR1B_BMPR2,NAN
ACVR2A_BMPR1A,NAN
ACVR2B_BMPR1A,NAN
BMPR1A_BMPR2,NAN
ACVR1,57152.2619
NCR3,21592.8654
TNFRSF10A,50088.5191
TNFRSF10D,41849.0506
PECAM1,69822.5584
GRM5,131883.9971
EPHB3,109660.9361
EPHB4,108268.9633
GRM1,133210.8437
ITGAV_ITGB1,NAN
HFE_TFRC,NAN
KLRC2,26158.7096
CD46,43746.8207
RHBDF2,93433.176
ADGRL1,161427.5087
LSR,66175.2095
NETO2,54438.5916
DSG3,107531.8165
DSG4,113823.0618
LILRA4,55180.0383
ITGA3,116610.9042
PLXNA3,191268.5363
PLXNA1,211096.8943
PLXNB3,209298.7337
CHL1,136718.5757
SIGLEC5,51900.885
ITGAM,127529.3366
ITGA2B,115058.4413
HCST_KLRK1,NAN
ITGA10_ITGB1,NAN
ITGA11_ITGB1,NAN
CD79A,24582.8086
CD247,18568.0818
PTPRG,166648.8952
PLXNA1_TREM2_TYROBP,NAN
KDR_PLXNA1,NAN
CD7,18171.9549
EDAR,51119.7047
PLXNB2,205124.8563
CD300LB,13588.4754
ITGB7,81556.0144
PDCD1,31646.5344
PLXNA4,212557.7053
NRP1_PLXNA2,NAN
NRP1_PLXNA3,NAN
NRP1_PLXNA4,NAN
NRP1_PLXNA1,NAN
DCBLD2,76505.2598
FLT1,150766.9468
KDR,151525.0639
KLRB1,25414.6409
CCR4,41402.3692
TNFRSF18,25333.8901
TNFRSF13C,18863.4854
ITGAV_ITGB8,NAN
GP6,35090.5984
ITGA8_ITGB1,NAN
MUSK,98992.3393
LRP4,105120.2498
LRP2,517105.5108
DAG1,96903.5245
ITGA6_ITGB1,NAN
ITGA7_ITGB1,NAN
ITGA6_ITGB4,NAN
BCAM,63693.1443
DDR1,37004.7421
DDR2,96735.1975
CD93,68559.3882
ITGAV_ITGB6,NAN
TSHR,86842.9136
C5AR1,39022.6615
PLAUR,21032.8087
ITGAV_ITGB5,NAN
GP1BA_GP1BB,NAN
SCARA5,49402.094
ITGA1,130846.2957
RPSA,33313.2372
ITGA7,106471.566
CNTFR_IL6ST,NAN
FCGR3B,26242.5614
FCGR2B,37790.4159
ACVR1B_ACVR2A,NAN
ACVR1_ACVR2A,NAN
ACVR1C_ACVR2A,NAN
ACVR1B_ACVR2B,NAN
ACVR1_ACVR2B,NAN
ACVR1C_ACVR2B,NAN
IL12RB1_IL12RB2,NAN
IL12RB2_IL6ST,NAN
IL12RB2_IL27RA,NAN
IL12RB1_IL23R,NAN
IL27RA_IL6ST,NAN
IL17RA_IL17RC,NAN
IFNLR1,59975.6489
CCR2,42782.063
CCR3,41043.2864
SSTR1,42685.7445
SSTR2,41332.3304
SSTR4,42002.2713
SSTR3,45846.8877
SSTR5,39201.8887
GHSR,40968.5863
MRGPRX2,37098.7365
SDC3,46001.0117
MC4R,36942.4387
MC3R,36042.8393
CCR7,35536.9531
CCR10,43206.3782
CXCR3,28801.7329
ACKR4,39530.3006
NEO1,157933.717
FZD9_LRP5,NAN
FZD9_LRP6,NAN
FZD6_LRP5,NAN
FZD6_LRP6,NAN
FZD7_LRP5,NAN
FZD7_LRP6,NAN
FZD5_LRP5,NAN
FZD2_LRP5,NAN
FZD8_LRP5,NAN
FZD3_LRP5,NAN
FZD4_LRP5,NAN
FZD10_LRP5,NAN
FZD1_LRP5,NAN
FZD5_LRP6,NAN
FZD2_LRP6,NAN
FZD8_LRP6,NAN
FZD3_LRP6,NAN
FZD4_LRP6,NAN
FZD10_LRP6,NAN
FZD1_LRP6,NAN
RECK,92721.7102
LDLR,94946.4118
ACKR3,41492.2786
CCR5,40523.5726
ACKR1,35677.4249
ACVR2A_TGFBR1,NAN
ACVR2B_TGFBR1,NAN
TIE1,124581.2936
TEK,125828.632
NPFFR1,35463.2052
NPFFR2,48685.6835
NTRK1,83992.4591
CCR6,42493.6952
CCR9,41912.5731
CCR1,72044.5564
CCR8,40843.9296
HRH4,34496.6059
FGFRL1,56978.9735
PTCH1_SMO,NAN
PTCH2_SMO,NAN
BOC,121301.2614
HCRTR1,46799.4013
HCRTR2,52503.928
CD5,48134.9075
FLT4_KDR,NAN
NRP2,104630.206
CXCR5,41954.8769
ACVR1B_BMPR2,NAN
BMPR2_TGFBR1,NAN
BMPR1B,56943.8957
BMPR1A,60062.73
GFRA4_RET,NAN
GFRA2,51726.3759
ROBO2,167374.201
FLRT3,73002.6814
KREMEN2,49169.9361
KREMEN1,53794.1059
NRP2_PLXNA2,NAN
NRP2_PLXNA3,NAN
NRP2_PLXNA4,NAN
NRP2_PLXNA1,NAN
BMPR2,115200.1507
ANTXR1,41156.8398
ACVR2A_ACVRL1,NAN
ACVR2B_ACVRL1,NAN
ACVRL1_BMPR2,NAN
GPR152,55418.8896
UTS2R,42706.6867
UNC5C,105301.966
ADORA2B,36119.5039
MCAM,64844.9968
UNC5D,116416.3203
UNC5B,102450.4223
CXCR4,39745.0271
KLB,120187.4348
IL1RAP_IL1RL1,NAN
FZD9,64994.3469
FZD6,53389.3548
FZD7,63619.4367
FZD5,64506.6424
FZD2,63553.4356
FZD8,73044.2258
FZD3,76206.7329
FZD4,59880.4222
FZD10,64057.9735
ASGR1,29143.6642
ASGR2,32987.4369
F2RL2,40246.8957
IGF2R,274371.9212
F2R,33891.6058
F2RL1,44098.7987
PARD3,149357.4727
F2RL3,41132.5567
MAS1,37054.1881
AGTR1,41060.5886
BDKRB1,37885.368
GPR135,51735.6618
RXFP4,41140.9746
PDGFRA_PDGFRB,NAN
S1PR1,42638.9626
ADRB2,46458.1501
FSHR,75280.8389
ITGB8,84985.2313
VASN,71711.8239
SORCS2,128988.0089
NPR1,NAN
NPR3,33991.1936
NPR2,117437.156
AVPR1A,47654.6435
AVPR1B,46538.7868
RAMP2,20299.3278
RAMP3,28337.4092
ADRB3,43518.7443
PTH1R,67669.4003
GPR20,38649.2392
GPR84,43730.5216
OPRK1,33156.0233
OPRL1,38545.7511
MC2R,33926.342
MC1R,34705.1293
MRGPRX1,36809.1233
OGFR,73323.8393
LHCGR,68898.1505
PRLR,19534.628
GHR,71498.6858
TPO,103104.7754
GLP2R,65826.9188
GCGR,49375.8583
RAMP1,16891.7748
VIPR2,45574.8572
GHRHR,47401.5247
NPY1R,44014.2362
NPY2R,30334.9506
NPY5R,50407.8551
NPY6R,42713.3239
GPR83,54520.4466
PRLHR,41120.1673
INSR,155078.8573
CCKBR,55868.777
IFNAR1_IFNAR2,NAN
IFNGR1_IFNGR2,NAN
IL1R1_IL1RAP,NAN
IL1R2_IL1RAP,NAN
SIGIRR,46158.2699
CXCR1,39790.7209
CXCR2,40758.805
THBD,60328.8681
PROCR,30714.8131
TFR2,88754.0046
AMHR2_BMPR1B,NAN
AMHR2_BMPR1A,NAN
ACVR1_AMHR2,NAN
RXFP2,86452.2052
RXFP3,51123.2747
OLR1,30959.0636
CSF2RA_CSF2RB,NAN
IL3RA,43329.4772
CSF3R,92013.2835
FCRL4,57152.5189
RYK,66283.9603
LEPR,130858.1943
CD68,37407.7121
IL2RG_IL4R,NAN
IL13_IL13RA1_IL4R,NAN
IL13RA1_IL4R,NAN
IL13RA2_IL4R,NAN
CD53,24340.7428
CSF2RB_IL5RA,NAN
IL6R_IL6ST,NAN
HRH1,55783.5128
EDNRB,49643.3292
EDNRA,49454.1931
ADGRL4,77809.9364
CCKAR,49656.7117
CRHR1,50718.5956
CRHR2,47493.9309
CALCRL_RAMP1,NAN
CALCRL_RAMP2,NAN
CALCRL_RAMP3,NAN
NMBR,27481.9389
GRPR,43214.4194
BRS3,44228.9017
BAMBI,29107.328
LPAR4,41898.7522
LPAR2,38740.2968
LPAR3,40128.0378
CSF2RB_IL3RA,NAN
GPC4,62411.4537
NPSR1,43121.9815
CALCRL,52977.9194
PTGER4,56157.5142
SMO,87449.0289
MLNR,45343.7719
IL2RG_IL7R,NAN
CNR2,38212.8632
GPRC5D,34094.4999
CCRL2,NAN
GPR75,59530.6845
IL6ST_LIFR,NAN
IL6ST_OSMR,NAN
CD44_CD74,NAN
CD74_CXCR2,NAN
CD74_CXCR4,NAN
IL2RG_IL9R,NAN
FLT1_KDR,NAN
RET,119845.4514
TYRO3,96040.5389
SIGLEC9,50080.9774
ACVR1_BMPR2,NAN
XCR1,38995.6167
CD320,24370.7129
TACR2,44441.6605
MERTK,110156.1522
MCHR2,38848.5497
MCHR1,39119.6264
TRHR,45084.4035
NTRK2,55181.1802
IL11RA_IL6ST,NAN
TSPAN1,28277.6362
IL10RA_IL10RB,NAN
GALR2,39995.3678
GALR3,40419.72
GALR1,39113.5387
GPR151,46825.0773
DRD4,43901.0058
ACVR1B_ACVR2A_CFC1,NAN
ACVR1C_ACVR2A_CFC1,NAN
ACVR1B_ACVR2B_CFC1,NAN
MPL,71243.9734
NCR1,35893.4697
NTSR1,46258.2188
GPR182,45322.69
PLXDC2,59582.4644
GFRA2_RET,NAN
GFRA1_RET,NAN
IL15RA_IL2RB_IL2RG,NAN
NMUR2,47695.2328
NMUR1,47933.7866
LYVE1,34573.236
MTNR1B,40187.9107
P2RY6,36720.9772
LGR5,99664.6316
ATP6AP2,39007.528
APCDD1,58636.8679
PROKR2,43995.3624
PROKR1,31607.9352
IL2RA_IL2RB_IL2RG,NAN
IL2RB_IL2RG,NAN
IL20RA_IL20RB_IL2RG,NAN
CX3CR1,40265.6776
P2RY14,38970.9523
QRFPR,49487.2833
GUCY2C,114405.1832
FCGR2A,39212.955
IL20RB_IL22RA1,NAN
IL20RA_IL20RB,NAN
IL18R1_IL18RAP,NAN
IL18_IL18R1_IL18RAP,NAN
GPC5,63706.2934
KISS1R,48457.0915
GPR42,42562.1416
ADIPOR2,43883.3496
ADIPOR1,42615.1707
ITGB4,207876.4943
CDH7,29611.0366
LGR5_LRP5,NAN
LGR4_LRP5,NAN
LGR5_LRP6,NAN
LGR4_LRP6,NAN
GFRA3_RET,NAN
IL31RA_OSMR,NAN
IGFLR1,37171.3442
GPR19,47686.1932
LAMP1,44881.8557
RNF43,85720.7754
TGFBR2,64718.0504
IFNLR1_IL10RB,NAN
IFNL3_IFNLR1_IL10RB,NAN
NPBWR1,36102.2424
NPBWR2,36860.2704
GPR101,56715.51
IL1RAP_IL1RL2,NAN
IL1R1,66697.0878
IL1RAPL2,78668.9632
LIFR,123741.7003
CRLF2_IL7R_TSLP,NAN
CRLF2_IL7R,NAN
ACVR1B_ACVR2B_TDGF1,NAN
CD63,25636.3745
LAMP2,45169.5487
CMKLR1,42321.5167
NRP1_NRP2_PLXND1,NAN
CDH5,87901.8976
CDH11,73792.406
IL10RB_IL22RA1,NAN
IL22_IL22RA1,NAN
IL22RA2,15127.8655
IL21R,58348.5324
IL17RA_IL17RB,NAN
CLEC14A,51635.0637
CD248,80858.3811
IL21R_IL2RG,NAN
GPR25,38778.1338
IL12RB2,98195.755
IL10RB_IL20RA,NAN
IL20RB,34391.5555
OR1G1,34924.0361
IL18R1_SIGIRR,NAN
IL17RA_IL17RE,NAN
CNTFR_IL6ST_LIFR,NAN
CRLF1,46301.1784
GPR39,51328.2469
TBXA2R,44204.3326
PTGER3,32681.1817
IL17RB,55883.9339
GPR171,36719.4508
ITGA11,125783.9208
FZD1,71157.5236
KLRF2,24007.2417
CXCR6,39279.971
TNFRSF10C,27406.5514
CALCR,55343.9642
C3AR1,53575.2205
TNFRSF4,39251.8221
PITPNM3,102708.4419
CD9,25415.7924
CD69,22559.1476
STX3,29635.7862
STX4,33840.4309
SIGLEC10,56916.0937
GNRHR,37730.2932
HHIP,78850.5051
GAS1,59581.6541
CMKLR2,41430.1988
OPRD1,36365.838
FPR3,46552.518
GPR37,66774.5235
GPR37L1,52727.9536
TACR1,46250.3926
TACR3,52201.292
PLD2,105985.8254
ZNRF3,100572.478
NCR2,29667.8185
LRRC4,72716.5039
SDC4,13909.9893
LINGO1,69145.1856
LRRC4C,71990.9225
ADCY1,123371.4614
AMFR,72994.9543
SORL1,248423.7256
KEL,78683.188
ATRN,166750.1673
PTGDR,40270.2123
CAV1,17022.5446
SORT1,91968.4635
ENG,59410.0287
ST14,94768.713
RHBDL2,34020.819
CHRNA7,56631.0924
RTN4RL1,49064.7628
CD151,28294.82
HJV,21463.1162
MARCO,52729.3664
LPAR1,41118.8243
KCNJ15,42576.884
KCNJ10,42431.5174
HMMR,84227.6065
GPIHBP1,19849.8122
ADORA1,21456.1985
ADRA2B,49953.1103
CNR1,52830.4201
TNFRSF19,45264.8114
PLSCR4,24797.2188
ADGRG1,77071.2549
SORCS3,135753.3326
DYSF,240645.7313
ATP1A3,111747.2855
TLR5,97798.345
PLGRKT,17201.1357
CD82,33807.8752
MMP24,70459.3322
ART1,123804.815
GUCY2D,120057.1379
NT5E,63366.9927
SLC40A1,62541.4222
GRIN2D,143099.0331
HTR2C,51804.5849
DCHS1,346176.5316
GP9,43359.7178
P2RY12,39438.3097
PTGDR2,43267.2238
BEX3,21196.7707
ABCA1,254299.1212
PHEX,86417.9349
RTN4RL2,46299.0264
ENO1,47168.4024
SLC16A1,53943.524
PRTG,127074.4381
ADAM22,105759.7238
FLOT1,41632.9371
LRP11,40518.8887
CD180,52597.8227
JMJD6,47625.7391
S1PR2,38828.5973
PLXDC1,48036.1531
AR,99186.7693
ATP5F1B,56559.2079
TRPC3,102226.1954
TRPV6,87284.7391
TRADD,34246.5616
PDE1B,45550.1975
C1QBP,31361.8728
HTR6,46953.8063
MTTP,99350.0112
ADORA2A,44970.9318
GABBR2,105820.2437
RIPK1,75930.0093
AGR2,19978.9487
GFRA3,44306.9602
TRAF2,55858.8537
IFITM1,13964.3304
HTR7,49835.9829
HTR1A,46106.3563
HTR1F,41708.5457
HTR1D,41906.5095
HTR1B,43567.5732
HTR2A,52602.6004
HTR2B,55321.2467
HTR5A,40254.6531
HTR1E,41681.6692
MCFD2,16390.1466
RXRA,50810.7986
TSPAN5,25148.6395
TSPAN14,30690.4819
NPTXR,52335.0558
OCLN,59143.0914
KCNJ4,49499.518
IL18BP,21099.0135
CCBE1,44102.4208
AQP5,23049.89
KCNQ3,95406.8199
KCNQ5,104540.6519
ESR1,66215.3171
SCN10A,220421.1354
AQP6,28859.3234
AQP1,28525.6566
SCN4A,208058.8657
MUC6,257048.4219
MUC5AC,585563.9945
TRPM3,152762.1672
RYR1,565169.1551
NRSN1,21474.4608
SMAP1,103075.7674
GRIN2B,166026.9927
GRIN2A,165480.6594
GP1BB,21717.4778
S1PR5,41774.745
S1PR3,42269.8161
PTPRU,162421.5994
DRD2,47346.0679
ADCY7,120978.8216
RACK1,35076.323
KLRG2,35681.182
IZUMO1R,20935.9585
GJB2,26214.7794
RHAG,44197.3971
GRM3,98877.9845
GRM4,92832.0278
FCER1A,29595.4839
ALOX5,60754.0997
TRPV1,94974.9543
MAGED1,86159.8337
TRAF3,64489.4386
CLDN4,22077.0588
SLC1A5,56597.6542
PDCD2,35289.8784
CFTR,168139.5306
KCNQ1,65711.4327
GLRA2,52061.5919
SLC17A7,61636.6054
S1PR4,42262.4176
CLEC10A,34666.4793
MIP,101308.6963
TRPC5,111456.9249
A1BG,54252.8523
CACNA1C,269037.0499
LY96,22269.3774
ADCY8,132544.9547
GPC2,62828.8933
ADCY9,110608.3592
ERAP1,107839.9981
SLC18A2,55753.0648
CHRM1,51378.3221
GPRC6A,104212.0393
SLC2A2,57106.1775
CNGA2,76060.461
MS4A4A,23220.2166
SLC37A1,55072.4217
CLEC12A,NAN
PIGR,83282.5955
TECTB,36985.1762
SLC18A3,56612.546
TLR7,122220.4733
TECTA,239524.8044
B2M_FCGRT,NAN
ADORA3,20194.8526
KCND2,45627.0579
SLC16A2,59510.7362
KCND1,71696.9685
NCL,76613.4619
CHRNB2,57112.6717
CHRNB4,55949.3005
CHRNA9,46566.2991
CHRNA10,49576.1457
FXYD6,10542.192
ORAI2,28570.0177
CELSR1,329482.5364
CDH10,21521.9079
TREML2,22980.2228
ILDR1,47349.2353
CD1C,37653.5185
ISLR2,79757.4234
MOG,25353.1118
SCN2B,24325.5891
ADGRA2,145052.6174
CEACAM19,32509.7653
GREM2,19320.1515
TARM1,29454.5392
APLP1,72246.6629
ADRB1,51223.1304
NEGR1,38718.7223
GP5,60958.4506
DCLK3,85924.5565
FCRL1,39437.402
FCAMR,57822.4464
MPIG6B,18428.7781
LRRTM2,58815.2368
IGDCC3,73789.1535
MFAP3L,45379.1776
IL4R,89657.2922
BTN3A2,36926.8011
STAB1,278126.92
CNTN5,120684.7842
LRRN3,79174.6041
SLAMF9,31764.1678
IL1RL1,64800.6201
LPP,372671.9197
LVRN,113281.4244
VSIG10L,91624.019
SIGLEC8,44359.3664
SDK2,237678.427
CLEC4A,16785.492
TMIGD3,20166.7578
IL20RA,47666.7307
AMHR2,61193.9775
IFNAR2,37392.5669